के,9591
में,7439
है,7059
की,6017
को,4416
से,4328
और,4288
हैं,3889
का,3736
भी,2486
पर,2276
ने,2179
कि,2102
एक,2031
इस,1841
लिए,1786
नहीं,1611
था,1419
ही,1394
कर,1260
हो,1216
किया,1152
यह,1123
तो,1045
गया,953
साथ,832
करने,815
ये,785
जो,769
बाद,758
भारत,751
थी,737
थे,705
जाता,688
तक,667
फिल्म,657
अपने,652
तरह,633
दिया,584
लेकिन,578
कुछ,578
रहे,577
वो,558
आप,555
इसके,544
जा,541
देश,534
रहा,518
किसी,500
सरकार,496
हुए,490
होता,489
कोई,487
कई,487
लोगों,482
कहा,471
बहुत,454
या,451
होने,439
नाम,438
वाले,437
बात,427
समय,425
उन्होंने,420
जब,420
रही,416
हुआ,415
गई,405
करते,401
अपनी,398
क्या,389
पहले,388
सकता,366
उस,365
हम,352
उनके,350
लोग,346
अब,339
वह,339
उन्हें,338
साल,333
सभी,333
गए,328
रूप,328
द्वारा,327
इन,326
काम,313
आज,289
वे,289
करें,284
फिर,283
सबसे,282
दी,280
कारण,273
जीवन,270
कम,268
एवं,267
लेकर,265
होगा,265
बारे,264
भारतीय,251
जाती,247
ऐसे,246
आपको,245
हर,244
होते,240
ऐसा,240
इसमें,239
होती,238
जाने,237
दिल्ली,236
सोने,235
उनकी,235
उसे,235
करता,232
बार,231
पुलिस,229
शुरू,229
वहीं,224
मोदी,222
ईरान,216
इसलिए,216
इसका,213
उसके,209
जैसे,205
न,203
क्योंकि,203
पास,201
बीच,199
चाहिए,197
अधिक,196
लिया,194
बनाने,191
पानी,189
अगर,189
प्रति,188
राज्य,188
उन,188
आने,187
योजना,185
काफी,184
कभी,183
दोनों,182
तब,182
व्यक्ति,182
दें,181
अपना,181
पूरी,180
दो,180
दौरान,180
जाते,179
यदि,177
जानकारी,177
इसी,176
शामिल,176
ना,175
घर,173
जाएगा,172
वजह,170
कोर्ट,169
रहने,169
करती,168
ज्यादा,167
आ,167
बताया,166
सकती,166
बीबीसी,166
लीटर,164
इससे,164
रुपये,162
होगी,162
हमारे,162
दिवस,160
उपयोग,158
यहां,157
क्षेत्र,156
इस्तेमाल,154
विरोध,154
किए,154
बड़ी,153
पता,153
हमें,153
उनका,151
मैं,150
वहां,150
यहाँ,149
ध्यान,148
सिंह,147
लगा,147
अनुसार,147
हिंदी,147
इतिहास,146
देने,146
अलग,144
मदद,144
जिसमें,143
जिस,140
ले,139
कार्य,139
कहानी,139
जिसके,139
कैसे,138
करके,138
शरीर,136
ऐसी,136
जनवरी,135
जी,134
आपके,134
नई,131
क्यों,131
कंपनी,131
दे,130
बनाया,129
मौजूद,129
हालांकि,128
अन्य,128
ओर,128
प्रकार,127
जारी,126
वाला,126
बना,126
आर्टिकल,126
अलावा,126
पेट्रोल,124
बन,124
वर्ष,124
युद्ध,123
तैयार,123
जाए,122
अमरीका,121
विमान,121
सके,121
सामने,121
केवल,121
पाकिस्तान,120
न्यूज़,120
तेल,119
बाहर,119
पूरे,119
रखा,118
बड़ा,118
खान,116
आगे,116
पूरा,116
पसंद,116
पहली,115
कहते,115
रंग,115
चाहते,114
वनकॉइन,113
दूसरे,113
कीमत,113
जेएनयू,112
मिनिचिलो,111
छात्रों,111
सुप्रीम,111
तौर,111
जाना,111
तीन,110
जिससे,110
मन,110
इसकी,110
वेबसाइट,109
डीजल,108
लें,108
दुनिया,108
ग्रहण,107
मामले,107
यही,107
स्थिति,107
अभी,107
कोशिश,107
स्थान,106
जहां,106
जगह,106
प्राप्त,105
देशों,105
मुख्य,104
रुपए,104
अच्छे,104
जिसे,104
बड़े,104
संस्कृत,103
रुजा,102
लगभग,102
आया,102
हमारी,102
दिए,102
आई,101
सब,101
विभिन्न,101
आदि,101
पीछे,99
परिवार,99
कश्मीर,98
पहचान,98
सवाल,98
पिछले,97
नए,97
रहते,97
थीं,96
पार्टी,96
ताकि,96
जेल,95
मुझे,95
दीपावली,95
प्रदर्शन,95
विशेष,95
विकास,94
बल्कि,94
रह,94
त्वचा,93
महत्वपूर्ण,93
सेना,92
जनता,92
टीम,92
लगता,92
मिल,92
उसकी,92
राष्ट्रमंडल,91
राष्ट्रीय,91
गांधीजी,91
भाव,91
सामग्री,91
होना,90
रेट,89
शिक्षा,89
माना,89
क़ानून,88
सेवन,88
बेकिंग,88
लगे,88
आधार,88
चंद्र,87
सोडा,87
पूर्व,87
मंदिर,86
देखा,86
सोना,85
चंद्रमा,85
उसका,85
नागरिकता,84
प्रधानमंत्री,84
शुरुआत,84
मिला,84
भाषा,84
शहर,84
दिनों,83
चल,83
रखने,82
व,82
जांच,81
चंद्रयान-,81
बैंक,81
बता,81
केंद्र,81
महीने,81
लाभ,81
जुड़े,81
देते,81
समस्या,81
इतना,80
खाने,80
सही,80
नजर,79
करेंगे,79
सी,79
बेहतर,79
अमरीकी,78
ली,78
हिंसा,78
जनगणना,77
प्रयोग,77
आपकी,77
स्थित,77
गयी,77
बढ़,77
भर,77
डाल,76
बेहद,76
जिसका,76
रिपोर्ट,76
पैसे,75
आए,75
चुनाव,75
दर्ज,75
महिलाओं,75
मैंने,75
कहना,75
जोकि,74
निर्माण,74
तथा,74
अंदर,74
आवश्यक,74
करोड़,73
अच्छा,73
तरफ,73
कहती,73
भगवान,73
समाज,73
धर्म,72
जबकि,72
चुके,72
लिये,72
जवाब,72
सीबीआई,71
स्वास्थ्य,71
तहत,71
संशोधन,71
नुकसान,71
दिखाई,71
सलमान,71
कौन,71
बच्चों,71
मनाया,70
लिखा,70
दिसंबर,70
मिलने,70
दीपिका,70
सिर्फ,70
देख,70
मीडिया,69
होंगे,69
वक्त,69
सजा,68
ख़िलाफ़,68
सारे,68
अपडेट,68
मेरे,68
उसने,68
रामानुजन,67
अनारकली,67
शिक्षक,67
विश्व,67
आम,67
रहता,67
मात्रा,67
हाथ,67
राजा,67
हिस्सा,67
आवश्यकता,67
अंतर्गत,67
अलसी,66
डॉक्टर,66
सप्ताह,66
किये,66
दूर,66
कहीं,66
नया,66
निवेश,65
चम्मच,65
बनाए,65
मिली,65
नीचे,65
हमले,64
मंत्री,64
किरदार,64
अच्छी,64
प्रत्येक,64
गये,63
बाजार,63
तय,63
सम्मान,63
महत्व,63
छात्र,62
इसराइल,62
तेनाली,62
मांग,62
कमी,62
कुमार,62
पड़,62
देता,62
वायरस,61
हत्या,61
संविधान,61
सुरक्षा,61
उसी,61
स्टार,61
प्रक्रिया,61
लगातार,61
पेज,61
बंद,61
प्रभावित,61
आर्थिक,61
कियारा,60
ज़्यादा,60
साफ़,60
हमला,60
प्रभाव,60
देना,60
रात,60
याद,60
सलीम,59
बीज,59
ताज़ा,59
पाने,59
ठीक,59
सरकारी,59
शायद,59
पाया,59
उससे,59
विषय,59
किस,59
स्मार्टफोन,58
रिलीज़,58
देखने,58
गांधी,58
फेसबुक,58
संगठन,58
खुद,58
मतलब,58
प्रमुख,58
बिना,58
इंडिया,57
लगाने,57
केस,57
राजनीति,57
जाएगी,57
लगी,57
भाग,57
लग,57
दूसरी,57
कास्ट,56
आडवाणी,56
दाम,56
डेट,56
लाख,56
चुकी,56
महिला,56
समझ,56
बस,56
स्तर,56
सुलेमानी,55
मिसाइल,55
लेने,55
चला,55
संख्या,55
मुताबिक,55
जहाँ,55
उसमें,55
पाए,54
तेजी,54
फोन,54
सहायता,54
विचार,54
राशि,54
चलते,54
छोटे,54
उद्देश्य,54
आता,54
जन्म,54
आपका,54
ख़बरों,54
वीडियो,54
रहती,54
कार्यक्रम,54
आर्मी,53
सन,53
हमेशा,53
मध्य,53
पांच,53
जैसी,53
समर्थन,53
तनाव,53
जानने,53
प्रेम,52
तत्व,52
जीत,52
हमने,52
देती,52
छोड़,52
भोजन,52
उधम,51
पृथ्वी,51
बालों,51
मिनट,51
घटना,51
दल,51
खाना,51
लाइक,51
पाएं,51
ब्रेकिंग,51
उनको,51
जिन्होंने,51
पैदा,51
वर्षों,51
वही,51
नंबर,51
जिन,51
चंद्रयान,50
अवकाश,50
ब्लूबेरी,50
पद,50
रख,50
हों,50
लगाया,50
चार,50
असर,50
हमारा,50
ऊपर,50
उपलब्ध,50
यानी,50
अंतरिक्ष,49
अनेक,49
उनसे,49
फल,49
चेहरे,49
बनाई,49
मौत,49
चुका,49
संबंध,49
मे,49
होकर,49
देश-दुनिया,49
खिलाफ,49
शादी,49
पक्ष,49
जिन्हें,49
क्लिक,49
केजरीवाल,48
नताशा,48
परंतु,48
बंदरगाह,48
इनके,48
ऑफ,48
राज्यों,48
रक्षा,48
आयोजन,48
जुड़ी,48
जानते,48
बयान,48
ज्ञान,48
ऑफ़,48
कब,48
आधारित,48
बजे,48
कुपोषण,47
फूड,47
जनरल,47
अमेरिका,47
लागू,47
सेंटर,47
उत्तर,47
हाल,47
वापस,47
भूमिका,47
परिचय,47
नौकरी,47
उम्मीद,47
सौंफ,46
टेस्ट,46
उम्र,46
घंटे,46
नागरिकों,46
जाएंगे,46
कांग्रेस,46
तानाजी,46
चीजों,46
लड़की,46
सफलता,46
लाल,46
चाबहार,45
बीजेपी,45
भविष्य,45
स्वाद,45
गृह,45
जैसा,45
संस्कृति,45
आंदोलन,45
अथवा,45
जियो,45
लॉन्च,45
रन,45
महाराष्ट्र,45
कप,45
पा,45
जाकर,45
कह,45
मेथी,44
आते,44
देर,44
फांसी,44
मुस्लिम,44
पड़ता,44
रखते,44
नीति,44
प्लान,44
पहुंच,44
अंकिता,44
दिल,44
बने,44
जिसकी,44
आश्रम,43
कृष्ण,43
कल्पना,43
मंडल,43
हजार,43
मामला,43
याचिका,43
कदम,43
आसानी,43
ग्राम,43
मार्च,43
बॉलीवुड,43
अधिकार,43
हासिल,43
अलग-अलग,43
डेलमोनिको,42
आरोप,42
व्रत,42
किन्तु,42
चटनी,42
पिता,42
बीमारी,42
अधिकारियों,42
द,42
सहायक,42
पोषक,42
चांदी,42
नियंत्रण,42
शाह,42
नेता,42
पहला,42
करीब,42
सफल,42
अनुभव,42
चाहता,42
सेहत,42
हिस्से,42
यात्रियों,41
घोषणा,41
एनपीआर,41
वालों,41
मंत्रालय,41
रावत,41
दूध,41
पड़ा,41
हिंदू,41
उच्च,41
सतह,41
कानून,41
कुल,41
मजबूत,41
अर्थ,41
सोशल,41
लिखना,41
बदल,41
लेते,41
जंक,40
बेटी,40
शाहीन,40
अधिकारी,40
भीम,40
कार्रवाई,40
सिर्फ़,40
देखते,40
सकें,40
प्रदेश,40
यूनिवर्सिटी,40
बावजूद,40
यात्री,40
खत्म,40
बच्चे,40
स्कूल,40
करे,40
तरीके,40
इनको,40
कैरेट,39
विकेट,39
विटामिन,39
ब्रिटेन,39
हूं,39
मिलाकर,39
धन,39
मिलता,39
अतः,38
राष्ट्रपति,38
माध्यम,38
सम्बंधित,38
लड़ाई,38
राजनीतिक,38
पूजा,38
मई,38
रहेगा,38
वर्ग,38
चर्चा,38
जेन,37
आदमी,37
वारंट,37
आग,37
सालों,37
गांव,37
श्री,37
साफ,37
दलित,37
तकनीक,37
बातें,37
तीनों,37
लिस्ट,37
युवा,37
जरूरी,37
सारी,37
सामान्य,37
पूछा,37
मुश्किल,37
गणित,36
डिटेंशन,36
एशिया,36
वर्तमान,36
बातों,36
रखना,36
वीं,36
क्षमता,36
दक्षिण,36
शक्ति,36
जिसमे,36
साईट,36
इतनी,36
विवेकानंद,35
पत्नी,35
जल्द,35
यात्रा,35
आती,35
असम,35
अंबेडकर,35
जान,35
रोकने,35
सदस्यों,35
चीन,35
दायर,35
चाहे,35
सुरक्षित,35
डर,35
नागरिक,35
टीवी,35
मृत्यु,35
तभी,35
आसान,35
पादुकोण,35
बदलाव,35
इंजन,35
चली,35
सच,35
जिनमें,35
सुविधा,35
निकल,35
मधुमक्खी,34
वैज्ञानिकों,34
शहरों,34
ईरानी,34
रजिस्टर,34
एनआरसी,34
रस,34
सैन्य,34
स्वतंत्रता,34
वक़्त,34
बनने,34
अमित,34
स्वयं,34
व्यवस्था,34
हिन्दू,34
हालात,34
नेताओं,34
इन्हें,34
मां,34
फैसला,34
विश्वास,34
प्यार,34
त्यौहार,34
डिजाईन,34
अहम,34
वैसे,34
विलियम्स,33
टेक्नोलॉजी,33
कीमतों,33
हरतालिका,33
आरोपी,33
गाय,33
कहां,33
डिजिटल,33
वजन,33
फायदे,33
बिपिन,33
काफ़ी,33
पत्र,33
स्थानीय,33
अंतिम,33
निजी,33
मामलों,33
सामना,33
दूसरा,33
स्पष्ट,33
बाल,33
फिल्मों,33
साबित,33
दशक,33
मैच,33
शुक्रवार,33
फीसदी,33
ज्यादातर,33
सोच,33
मानना,33
हूँ,33
मानसिक,33
एडमिन,33
सर्च,33
सुबह,33
कही,33
मिले,33
समझने,33
इतने,33
तस्वीर,33
योगदान,33
मोबाइल,33
इनका,33
उड़ान,32
डालें,32
अरब,32
सिस्टम,32
बाग़,32
चीफ,32
सीडीएस,32
पुराने,32
महसूस,32
दरअसल,32
चले,32
अगस्त,32
अध्यक्ष,32
एवम,32
मेरा,32
बताते,32
ब्लॉग,32
शिव,32
शुभ,32
सोचा,32
सदस्य,32
शिकार,32
प्रतिशत,32
मात्र,32
सामाजिक,32
शाम,32
मेगन,31
रामा,31
महात्मा,31
डेथ,31
क्रिकेट,31
मानते,31
इसरो,31
माता,31
मिशन,31
पेट,31
विकसित,31
स्वीकार,31
सेवा,31
पंजाब,31
ख़त्म,31
समुदाय,31
नेटवर्क,31
लगती,31
मार,31
कुंभ,31
सलाह,31
सा,31
देखकर,31
रखी,31
भारी,31
वहाँ,31
सहमत,31
निर्भया,30
विभाग,30
चारों,30
परेशानी,30
डॉलर,30
मुख्यमंत्री,30
स्वादिष्ट,30
कराया,30
खेल,30
पेस्ट,30
केंद्रीय,30
राष्ट्र,30
प्रयास,30
लगने,30
ऑनलाइन,30
सूर्य,30
मनुष्य,30
शाही,30
मुद्दे,30
रिलीज,30
धार्मिक,30
ऑप्टिमाइज़,30
विशेषग्य,30
कितना,30
लेना,30
समझा,30
इंटरनेट,30
अक्सर,30
स्कीम,29
स्वामी,29
मनाने,29
किले,29
लक्ष्य,29
होली,29
नही,29
देंगे,29
लंबे,29
नेहरू,29
नज़र,29
पहुंचे,29
खबर,29
फरवरी,29
मिलेगा,29
आटे,29
दृष्टि,29
जिनके,29
गोपाल,29
विचारों,29
इंसान,29
नियम,29
इनमें,29
मोनियर,28
हैरी,28
श्रीलंका,28
सर्वर,28
प्रेस,28
गुंजन,28
क़रीब,28
बीमा,28
आंच,28
बच्ची,28
चीज,28
पैन,28
आदेश,28
तेज,28
जिसने,28
अफगानिस्तान,28
बनाकर,28
करेगा,28
अंत,28
आयोजित,28
जरिए,28
गिरावट,28
उदाहरण,28
जायेगा,28
शेयर,28
मिलेगी,28
चलता,28
वास्तव,28
कितने,28
शब्द,28
सूचना,28
केदारनाथ,27
कंपनियां,27
विश्वविद्यालय,27
गायों,27
प्रदूषण,27
मुंबई,27
दूरी,27
निर्धारित,27
सुनवाई,27
इनकी,27
धीरे-धीरे,27
खास,27
रोग,27
उपचार,27
दर्द,27
विस्तार,27
उत्तरी,27
करनी,27
साथ-साथ,27
गईं,27
काल,27
अंग्रेजी,27
तमाम,27
अली,27
लोगो,27
मेरी,27
कंटेंट,27
परिवर्तन,27
माहौल,27
बनाना,27
हिसाब,27
युवाओं,27
हार्डी,26
ड्रामा,26
कुक,26
घोष,26
साहित्य,26
स्मृति,26
सक्सेना,26
शिकायत,26
कपूर,26
चालक,26
कॉर्नफ्लोर,26
कितनी,26
खरीद,26
हवा,26
यानि,26
खराब,26
स्थापना,26
प्रशासन,26
जाँच,26
सभा,26
भेजा,26
गंभीर,26
चुनौती,26
पत्रकार,26
लेख,26
नेतृत्व,26
निश्चित,26
अजय,26
बाकी,26
शानदार,26
घरेलू,26
कंपनियों,26
बचपन,26
धीरे,26
दिमाग,26
पाते,26
भाई,26
सुधार,26
रहेंगे,26
चाहती,26
घोषित,26
अध्ययन,26
पड़ेगा,26
संपर्क,26
डेनियल,25
टीडब्ल्यूए,25
यूक्रेन,25
रोहित,25
ख़ुद,25
निवेशकों,25
सिंहगढ़,25
पति,25
भावना,25
डिफेंस,25
खरीदने,25
लगाए,25
चीजें,25
रिश्ते,25
जनसंख्या,25
राजधानी,25
फाइबर,25
निशाना,25
विवरण,25
शब्दों,25
सुना,25
रजिस्ट्रेशन,25
पाई,25
पैक,25
तुरंत,25
पूर्ण,25
व्यापार,25
कड़ी,25
अक्टूबर,25
संघर्ष,25
संबंधित,25
सैनिकों,25
मगर,25
ख़ास,25
दौर,25
पार,25
इच्छा,25
अक्षय,25
गर्म,25
एसिड,25
कमाई,25
फायदा,25
निकाल,25
जॉब,25
अग्रवाल,25
नियमित,25
पोस्ट,25
बैठे,25
मान,25
कमजोर,25
जरूरत,25
एंड,25
रोटी,25
बातचीत,25
कार्ड,25
लिंक,25
फंड,24
हाईजैक,24
कवि,24
मुताबिक़,24
फ्लाइट,24
मुरब्बा,24
छह,24
पैसा,24
अर्थव्यवस्था,24
थीम,24
अपराध,24
कैमरा,24
बढ़ता,24
जहाज,24
कर्मचारियों,24
पुरानी,24
बंगाल,24
डंक,24
बचाने,24
उसको,24
राज,24
जुलाई,24
समाप्त,24
जाति,24
संभावना,24
रखकर,24
कूकीज,24
लांच,24
उठा,24
विदेशी,24
रखता,24
देवगन,24
उतना,24
डेटा,24
देगा,24
लड़कियों,24
बनती,24
जल,24
खा,24
निर्णय,24
भले,24
दोस्त,24
माँ,24
मिलियन,24
भारतीयों,24
मेहनत,24
देकर,24
शेफ़,23
इगोर,23
हॉस्टल,23
सऊदी,23
प्रौद्योगिकी,23
आरोपियों,23
सूजी,23
बढ़कर,23
चिकनगुनिया,23
योजनाओं,23
नेशनल,23
थोड़ा,23
वरिष्ठ,23
हद,23
सैनिक,23
संभव,23
आये,23
समेत,23
नमक,23
अदालत,23
प्रदान,23
भीतर,23
सितंबर,23
महान,23
इलाके,23
पश्चिमी,23
रखे,23
बताने,23
लक्षण,23
रहें,23
विदेश,23
किलोमीटर,23
समान,23
अभियान,23
चलने,23
कार्यकाल,23
गुजरात,23
संघ,23
बनाये,23
दर्शन,23
लगते,23
प्रवेश,23
जितना,23
कराने,23
उत्पादन,23
ग्रुप,23
बढ़ाने,23
अचानक,23
सवार,23
पढ़ने,23
वोट,23
हल,23
रास्ता,23
अधिकारों,23
आबादी,23
फेस,22
शिवाजी,22
यूरो,22
कॉमेडी,22
आयात,22
बुधवार,22
सारा,22
महंगा,22
सांभर,22
गोलगप्पे,22
बच्चियों,22
वृद्धि,22
पारिवारिक,22
खड़े,22
हानिकारक,22
तत्वों,22
इलाज,22
कनाडा,22
छोटी,22
गरीब,22
धो,22
प्रतिक्रिया,22
खाद्य,22
अनुमति,22
अंतरराष्ट्रीय,22
आसपास,22
ज़रूरत,22
मारे,22
कॉलेज,22
नदी,22
आकर,22
जिले,22
यूपी,22
अपील,22
जमा,22
जम्मू-कश्मीर,22
नवंबर,22
बढ़ा,22
परेशान,22
मिलती,22
मध्यप्रदेश,22
करियर,22
निर्देश,22
लाने,22
पाता,22
पर्याप्त,22
इसको,22
दैनिक,22
महाराज,21
ऑयल,21
क्रिप्टोकरेंसी,21
एबीवीपी,21
आइशी,21
दावा,21
हिट,21
खूब,21
दर्शकों,21
साबरमती,21
बिहार,21
जानिए,21
उनमें,21
फलों,21
निर्भर,21
आधुनिक,21
जुड़ा,21
जामिया,21
जाएं,21
शख्स,21
असली,21
रक्त,21
जाये,21
जस्टिस,21
ऐतिहासिक,21
एयर,21
बल,21
संगठनों,21
बांग्लादेश,21
ब्रिटिश,21
पश्चिम,21
जम्मू,21
दिखाया,21
तुलना,21
प्रेरित,21
हालाँकि,21
बराबर,21
अप्रैल,21
वर्णन,21
मुक्त,21
दस,21
अभिनेत्री,21
सुनने,21
गुरुवार,21
झटका,21
पढ़ाई,21
चैनल,21
सपने,21
मौका,21
हिन्दी,21
भरा,21
रोक,21
दम,21
मुंह,21
दाल,21
प्रतिदिन,21
विद्यार्थी,20
भरोसा,20
लीग,20
हिंदुस्तान,20
तीज,20
बनाते,20
गुरु,20
चांद,20
रोवर,20
सूची,20
पहुंचने,20
गर्भवती,20
स्टाफ,20
प्रसिद्ध,20
दलितों,20
समस्याओं,20
सिर,20
पदार्थ,20
ए,20
सामान,20
सहयोग,20
स्थापित,20
सेनाओं,20
गिरफ्तार,20
इनकार,20
फैसले,20
शताब्दी,20
आस-पास,20
आखिरी,20
विवाद,20
विभाजन,20
इसीलिए,20
क्लॉज़,20
तीसरे,20
गोल्ड,20
समाचार,20
आशंका,20
ज़रूरी,20
प्राकृतिक,20
दलों,20
विपक्ष,20
खाते,20
अर्थात,20
स्नान,20
फिलहाल,20
डाटा,20
क्यूंकि,20
मार्ग,20
महीनों,20
महिलाएं,20
स्टेट,20
बढ़ते,20
महत्त्व,20
जानना,20
चयन,20
करेगी,20
व्यक्तिगत,20
सात,20
सवालों,20
मार्केटिंग,19
ब्लॉकचेन,19
शहीद,19
बिजली,19
आख़िर,19
कारोबार,19
कैंपस,19
समोसा,19
बेटे,19
समझते,19
स्किन,19
रोल,19
शर्मा,19
व्यंजन,19
लंदन,19
सचिव,19
आकर्षित,19
तलाश,19
बजट,19
मिलते,19
कर्मचारी,19
चरण,19
सीएए,19
नुक़सान,19
फ़ैसला,19
प्रदर्शनों,19
गतिविधियों,19
कैंसर,19
मुद्दों,19
वकील,19
भाषण,19
विधि,19
व्यंजनों,19
शुद्ध,19
एजेंट,19
क्षेत्रों,19
भूकंप,19
अतिरिक्त,19
प्रस्ताव,19
वातावरण,19
दबाव,19
ख़बर,19
परमाणु,19
सुनिश्चित,19
आंखों,19
शासन,19
सहयोगी,19
कथा,19
पुरुष,19
दोस्तों,19
शो,19
सीरीज,19
बढ़ने,19
नये,19
लिखी,19
प्रकाश,19
नीला,19
योग,19
चिंता,19
निकलने,19
कक्षा,19
आएगा,19
लगाना,19
लगाकर,19
पड़ती,19
व्यक्तियों,19
विषयों,19
पालन,19
फेस्टिवल,18
रंगों,18
ईस्ट,18
एयरपोर्ट,18
बंदूक,18
कैप्टन,18
नाथ,18
शिक्षकों,18
व्यापारी,18
नौ,18
मशहूर,18
काव्य,18
पार्वती,18
क्यूँ,18
देवी,18
किला,18
मंगलवार,18
खड़ी,18
बर्तन,18
धीमी,18
रॉकेट,18
धवन,18
ऊर्जा,18
इटली,18
वायु,18
जायेगी,18
खुलासा,18
पकने,18
बोर्ड,18
रावण,18
हाथों,18
लड़ने,18
लाया,18
चाय,18
हिरासत,18
सोमवार,18
हटाने,18
हवाई,18
नामक,18
भाषाओं,18
अवसर,18
लोकसभा,18
जोड़ा,18
सनातन,18
कुम्भ,18
देखें,18
फ़िल्म,18
जरूर,18
दिख,18
विकल्प,18
कंप्यूटर,18
पाना,18
संपत्ति,18
जिम्मेदारी,18
कार्यक्रमों,18
गुड़िया,17
संता,17
उद्भट,17
पेट्रोलियम,17
हार्दिक,17
प्रिंस,17
राफेले,17
ओवर,17
बैनर,17
पायलट,17
जोड़,17
पर्दे,17
प्रोफेसर,17
सेल्यूलर,17
फॉर्म,17
मूल,17
भ्रष्टाचार,17
सका,17
अपराधियों,17
सामग्रियों,17
सेल,17
सबूत,17
जानें,17
प्रोजेक्ट,17
परियोजना,17
इंडस्ट्री,17
बदला,17
अनिवार्य,17
प्रशिक्षित,17
मुसलमानों,17
नोटिस,17
रिकॉर्ड,17
गुप्ता,17
शीर्ष,17
पाचन,17
आहार,17
स्वास्थ,17
नियमों,17
इंडियन,17
जीवनी,17
रिहा,17
जानता,17
बेहतरीन,17
आकार,17
एंटी,17
नारियल,17
काले,17
नींबू,17
शहद,17
गुण,17
एलर्जी,17
डॉ,17
संसद,17
सर्विस,17
रास्ते,17
प्रशिक्षण,17
संयुक्त,17
कारणों,17
स्वरूप,17
पूर्वी,17
असल,17
बिल्कुल,17
स्वतंत्र,17
इंटरव्यू,17
खबरें,17
राहुल,17
कौशल,17
चुनावों,17
तिथि,17
क्रिसमस,17
चुना,17
जिनका,17
चाहिये,17
रिसर्च,17
सफेद,17
निभाया,17
आखिर,17
घटनाओं,17
बिल्ली,16
कीमतें,16
रेस्तरां,16
बियर्क,16
विद्यार्थियों,16
जिन्ना,16
उदयभान,16
आउट,16
दोषी,16
पहुंची,16
उन्हीं,16
परीक्षण,16
स्टिंग,16
कहता,16
महाभारत,16
पड़ी,16
अनमोल,16
मालूम,16
मौके,16
घायल,16
उदय,16
सूत्र,16
करी,16
ठंडा,16
माता-पिता,16
लेता,16
स्पेशल,16
हिंदुओं,16
छोड़कर,16
खर्च,16
अकाउंट,16
निकालने,16
करवा,16
बुखार,16
टन,16
मुलाकात,16
चेतावनी,16
हाई,16
सौंप,16
सुंदर,16
टमाटर,16
मक्के,16
युक्त,16
गैस,16
शारीरिक,16
हफ्ते,16
बैठ,16
सूत्रों,16
चुनावी,16
इस्लामिक,16
विधानसभा,16
प्रारंभ,16
दर्जा,16
भूल,16
तत्कालीन,16
एजेंसी,16
साम्राज्य,16
सहित,16
वें,16
प्रकृति,16
इलाक़े,16
फ़ैसले,16
सुनते,16
क़ानूनी,16
गोपनीयता,16
सत्ता,16
बहुमत,16
पड़े,16
पहुंचाने,16
मान्यता,16
आरंभ,16
स्थानों,16
योग्य,16
आध्यात्मिक,16
आएंगे,16
जंग,16
मुहैया,16
अफ्रीका,16
डिग्री,16
रचना,16
पहुँच,16
न्याय,16
सपना,16
मैनेजमेंट,16
लिखने,16
कठिन,16
ग्रेजुएट,16
विवाह,16
आएगी,16
भाग्य,16
श्याम,16
जिनकी,16
घरों,16
सीधे,16
आठ,16
ज़रिए,16
कॉम,16
बिटकॉइन,15
मिसाइलें,15
न्यूयार्क,15
कॉकपिट,15
लेफ्ट,15
सूर्या,15
वीसी,15
वीक,15
निपाह,15
शरद,15
मालुसरे,15
जयपुर,15
वचन,15
भट्ट,15
भेज,15
छाया,15
टी,15
हादसे,15
बार-बार,15
फैट,15
दर,15
सरकारों,15
राम,15
मिर्च,15
दुकान,15
केरल,15
चार्ज,15
किलोग्राम,15
प्रतीक,15
इंपैक्टर,15
लैंडर,15
बचा,15
कामयाब,15
संकट,15
अमेरिकी,15
अहमद,15
रविवार,15
क्रांति,15
मौजूदा,15
गलत,15
प्रोग्राम,15
रहीं,15
रोकथाम,15
यूरोप,15
पत्ते,15
नीले,15
व्यवहार,15
एकता,15
चंद्रशेखर,15
अंतर,15
लाभदायक,15
छोटा,15
फायदेमंद,15
है-,15
सोडियम,15
समीक्षा,15
ऑपरेशन,15
स्थल,15
अधिनियम,15
भूमि,15
इलाकों,15
आजाद,15
मीटर,15
गठन,15
हेतु,15
चेक,15
रहना,15
नकारात्मक,15
आराम,15
संवाददाता,15
तारीख,15
सितम्बर,15
प्रयागराज,15
ईद,15
ट्वीट,15
दिखाने,15
लखनऊ,15
सैफ,15
जल्दी,15
समिति,15
वाहन,15
इन्होने,15
कला,15
डांस,15
जिनको,15
साझा,15
जुड़,15
गूगल,15
थोडा,15
शौक,15
छपाक,15
आवाज़,15
दांतों,15
पहुंचा,15
उसमे,15
उतनी,15
प्रकाशित,15
साइट,15
होनी,15
देखना,15
पन्नों,15
डॉट,15
धातु,14
आजम,14
ब्राज़ील,14
स्टेनकोविक,14
एक्शन,14
पावर,14
टर्नर,14
हथियार,14
हाईजैकिंग,14
क़ासिम,14
दर्शाया,14
स्कोर,14
संदिग्ध,14
जश्न,14
ज़मीन,14
हमलावरों,14
छात्रसंघ,14
भीड़,14
गहने,14
कसूरी,14
कहानियां,14
लेती,14
औरतों,14
काटे,14
सर्राफा,14
यौन,14
ज़िंदगी,14
ख़बरें,14
पड़ताल,14
सुनाई,14
मेडिकल,14
एनडीए,14
कल्याण,14
अस्पताल,14
काट,14
उतार,14
वायरल,14
शुरुआती,14
सन्,14
राय,14
अनुमान,14
तस्वीरों,14
भेजने,14
आजकल,14
उपाय,14
एक्सिस,14
इराक,14
सम्बन्धित,14
कार,14
मांगा,14
सड़कों,14
संवैधानिक,14
हैरान,14
फ्री,14
दुसरे,14
बयानों,14
नियुक्त,14
लौट,14
जोर,14
थोड़ी,14
वैज्ञानिक,14
ट्रेड,14
चूंकि,14
बढ़ावा,14
कारगिल,14
संकल्प,14
समझौते,14
पुष्टि,14
तीसरी,14
मैदान,14
मील,14
आरक्षण,14
फ्रांस,14
मौलिक,14
तस्वीरें,14
संस्था,14
अधिकतर,14
जगहों,14
मज़बूत,14
ग़लत,14
प्रचार,14
जन,14
फ़ोन,14
साधारण,14
लगेगा,14
राज़ी,14
विजय,14
सिद्ध,14
फिल्में,14
ऐलान,14
गौरतलब,14
चोट,14
उत्पाद,14
वाहनों,14
बिक्री,14
कुकिंग,14
वन,14
लेखन,14
लिखती,14
भरी,14
अजीब,14
बनकर,14
एकत्रित,14
बताती,14
डाउनलोड,14
पूछे,14
पाठकों,14
बोलोन्या,13
देसी,13
कान्ति,13
प्राण,13
स्थिर,13
जॉर्जिया,13
बेच,13
ब्योर्न,13
करेंसी,13
किसानों,13
वियतनाम,13
हाईजैकर,13
अटेंडेंट,13
ट्रंप,13
जोड़े,13
ठाकुर,13
गहरा,13
गोली,13
हज़ार,13
बनता,13
ब्रांच,13
क्राइम,13
एफ़आईआर,13
झूठ,13
बालिका,13
मुजफ़्फ़रपुर,13
फडणवीस,13
अभ्यास,13
योद्धा,13
मुसलमान,13
मत,13
प्राइवेट,13
कहने,13
नुस्खे,13
पोषण,13
विराट,13
शिक्षित,13
अपराधी,13
ठिकानों,13
तार,13
तोड़,13
डीसीपी,13
महज,13
बचाव,13
कैदियों,13
सिरप,13
स्कूलों,13
प्रतिबंध,13
सौ,13
सदैव,13
ऑर्बिटर,13
हार,13
धरती,13
मुकाबले,13
जिक्र,13
रूपए,13
सिलसिला,13
हाउस,13
सूजन,13
पुरस्कार,13
राजपूत,13
रामायण,13
हरियाणा,13
जिसको,13
लम्बे,13
परेशानियों,13
निम्न,13
पढ़ें,13
भागने,13
नामों,13
सार्वजनिक,13
हटा,13
बैठक,13
सांसद,13
संचार,13
गठबंधन,13
जवाहरलाल,13
बौद्ध,13
तबाही,13
पैमाने,13
घाटी,13
हिमालय,13
नियंत्रित,13
लद्दाख,13
संरचना,13
यूनाइटेड,13
बदलने,13
आंतरिक,13
प्लांट,13
निकले,13
लोकतंत्र,13
सरकारें,13
राजस्थान,13
रूम,13
मुक्ति,13
चक्र,13
अभिनय,13
घंटों,13
बुरी,13
एयरटेल,13
एम,13
कहे,13
पुरे,13
संबंधी,13
जाप,13
बताई,13
आज़ादी,13
मानने,13
मूलभूत,13
पढ़,13
प्रसारण,13
म्यूचुअल,12
पवार,12
रामगढ़,12
फ़िल्में,12
ओलिवर,12
मैकएडम,12
कृषि,12
पेंशन,12
सरदार,12
जोगेंद्र,12
मिसाइलों,12
फेल,12
बिजलीघर,12
हिज़्बुल्लाह,12
कंट्रोल,12
ईंधन,12
वापसी,12
रणनीति,12
सदफ़,12
बनते,12
विवेक,12
स्टूडेंट्स,12
यक़ीन,12
बालिकागृह,12
चार्जशीट,12
तरफ़,12
छवि,12
राव,12
इस्ट,12
दौरा,12
अब्दुल,12
ज़िंदा,12
सेक्स,12
मारा,12
विदेशों,12
अक्षत,12
अन्न,12
क्लब,12
गाँधी,12
वीरता,12
कोहली,12
कमरे,12
खुला,12
प्रस्तुत,12
मित्र,12
ज़िम्मेदार,12
शोध,12
मार्केट,12
बढ़े,12
दोबारा,12
माह,12
कमिश्नर,12
चढ़ा,12
पीस,12
रेसिपी,12
शनिवार,12
आयु,12
इंतजार,12
जानकारियों,12
तकनीकी,12
भेजी,12
समावेश,12
सहारे,12
चाँद,12
विक्रम,12
तुलसी,12
किन,12
ऑस्ट्रेलिया,12
आपस,12
इंटरनेशनल,12
वापिस,12
समारोह,12
तेहरान,12
त्योहारों,12
आंकड़े,12
मकान,12
किसके,12
रोगों,12
हेल्थ,12
जर्मनी,12
बजाय,12
पुराना,12
इकट्ठा,12
अभिनेता,12
मुज़फ़्फ़रपुर,12
कैलोरी,12
मौसम,12
बीमारियों,12
कॉर्न,12
रोम,12
निकोलस,12
कमांडर,12
आतंकवादी,12
मुद्दा,12
रूस,12
निवासी,12
रेखा,12
पत्थर,12
संस्थाओं,12
इंग्लैंड,12
प्रावधान,12
आंकड़ों,12
गहरे,12
परिस्थितियों,12
अकेले,12
बुलाया,12
लॉगिन,12
जाएंगी,12
प्रश्न,12
अवश्य,12
आंदोलनों,12
देखी,12
सीटें,12
सुपर,12
पवित्र,12
बृहस्पति,12
तैयारी,12
अंदाज,12
लक्ष्मी,12
अटैक,12
लगाई,12
बॉक्स,12
टेलिकॉम,12
रोज,12
करा,12
यूनिट,12
सकारात्मक,12
ऑटो,12
फेमस,12
खो,12
बच्चा,12
आजादी,12
कन्या,12
उपहार,12
रहेगी,12
गिरा,12
कराना,12
बचे,12
ग्रामीण,12
आपसे,12
मोदेना,11
वृंदावन,11
सौरभ,11
गिफ़्ट,11
क्षेमेन्द्र,11
म्यूजियम,11
कसाई,11
रामपुर,11
चौधरी,11
कर्म,11
रिटर्न,11
वोटर,11
तीर्थ,11
बॉम्बे,11
पिछड़ी,11
आजतक,11
बिजलीघरों,11
मुक़ाबले,11
सीरिया,11
ठिकाने,11
जीता,11
रायफल,11
फर्स्ट,11
आनंद,11
गैंगरेप,11
गेंद,11
गेंदों,11
अवस्थी,11
पीटा,11
फ्रंट,11
आश्रय,11
प्राचीन,11
ज्योति,11
फर्जी,11
थाने,11
डालकर,11
सांता,11
फ्रूट,11
निदान,11
मासिक,11
निर्देशन,11
कबीर,11
कप्तान,11
सुनकर,11
पुरुषों,11
क्रिकेटर,11
प्रोटीन,11
मंत्रियों,11
जाहिर,11
तरक्की,11
घरेलु,11
मनाते,11
बीते,11
मलमास,11
काला,11
तंत्र,11
देखे,11
बलिदान,11
पैनल,11
चलिए,11
अंजाम,11
जातकों,11
सुनी,11
दोष,11
लिमिटेड,11
जवाहर,11
सकेगा,11
खाड़ी,11
सीख,11
मालिक,11
जानकारियां,11
गंभीरता,11
न्यायिक,11
बैठकर,11
हुईं,11
चिन्ह,11
स्वत,11
ज़ाहिर,11
वैधता,11
ब्लड,11
रोगी,11
मानी,11
ताजा,11
एस,11
सबके,11
मारपीट,11
बेटियों,11
वित्तीय,11
प्रचलित,11
आमतौर,11
आधे,11
उपयोगी,11
कारगर,11
विशेषज्ञ,11
जलन,11
पेड़,11
जरुर,11
गहराई,11
पकाने,11
दवा,11
जॉन,11
खनिज,11
वित्त,11
विरोधी,11
समाधान,11
खोलने,11
बम,11
प्रयासों,11
किंगडम,11
पाकिस्तानी,11
दक्षिणी,11
निभा,11
बलात्कार,11
एक्ट,11
शांतिपूर्ण,11
आयुष्मान,11
संसार,11
स्टोरी,11
प्लानिंग,11
मददगार,11
विज्ञान,11
बुरा,11
रखती,11
मार्क,11
दुर्घटना,11
रद्द,11
सांस्कृतिक,11
हित,11
एप्प,11
सिटी,11
पुनः,11
आगामी,11
प्रमाण,11
ग्रह,11
कॉलिंग,11
सस्ता,11
पढाई,11
हमे,11
सशक्त,11
जरिये,11
कविता,11
सबको,11
अगली,11
जिम्मेदार,11
रोजगार,11
बनाता,11
समझाने,11
समझना,11
सीधा,11
पन्ने,11
सुन,11
बाल्टी,10
चंद्रोदय,10
भान,10
गिफ्ट,10
अमिताभ,10
बेल,10
आंवले,10
अनुवाद,10
रिस्क,10
मल्टीलेवल,10
रक़म,10
दत्त,10
सेनानियों,10
ग्रंथ,10
ई,10
ट्रूडो,10
जगत,10
बेस,10
चेहरा,10
आख़िरी,10
पार्क,10
एफबीआई,10
क्यूबा,10
मानो,10
क्लास,10
मध्य-पूर्व,10
अड्डे,10
शिखर,10
रनों,10
बदले,10
तुम,10
मुगलों,10
जानती,10
घुसकर,10
ख़ूब,10
बताएं,10
शव,10
कॉन्फ़्रेंस,10
ग़ायब,10
लगाएं,10
अकाली,10
कैंप,10
गर्व,10
गिर,10
रू,10
शोषण,10
दरोगा,10
गौरी,10
विधी,10
अंग्रेजों,10
क्रांतिकारी,10
जूस,10
घटाने,10
छुटकारा,10
गाने,10
खाएं,10
लायक,10
व्यक्तित्व,10
अवैध,10
पहचानने,10
सिनेमा,10
खाता,10
हवाले,10
नाकाम,10
अहमदाबाद,10
लावारिस,10
सक्षम,10
बैंकों,10
योजनाएं,10
नयी,10
बदलकर,10
उठ,10
लेनी,10
मजिस्ट्रेट,10
खानों,10
फैल,10
हजारों,10
बैटरी,10
संस्थान,10
मेल,10
दुबई,10
ट्रांसपोर्ट,10
रोड,10
पोर्ट,10
सकी,10
पर्व,10
सदा,10
दीवार,10
आइए,10
मकसद,10
परिवारों,10
हाईकोर्ट,10
संसाधन,10
देशभर,10
संज्ञान,10
चीफ़,10
चलाने,10
मोटापे,10
मधुमेह,10
मिट्टी,10
फसल,10
एक्सपर्ट,10
प्रथम,10
प्रकट,10
मजबूर,10
प्रेरणा,10
पसंदीदा,10
आलू,10
बच,10
आधा,10
किताबों,10
पर्यावरण,10
खतरा,10
बोला,10
बी,10
वनइंडिया,10
मंजूरी,10
स्ट्राइक,10
नीतियों,10
सीमित,10
समझौता,10
अधिकांश,10
उल्लंघन,10
जताई,10
गलती,10
संदेह,10
सदी,10
अशोक,10
कश्मीरी,10
बोलते,10
भौगोलिक,10
सहमति,10
अस्तित्व,10
मूवी,10
संचालित,10
मद्रास,10
जटिल,10
बचें,10
संतुलित,10
संस्थापक,10
पत्रकारिता,10
पत्रकारों,10
बचने,10
सकेंगे,10
बांध,10
कहें,10
पत्रिका,10
स्वच्छता,10
उठाने,10
पड़ोसी,10
आधिकारिक,10
फीचर,10
ट्रेन,10
समस्त,10
अमर,10
अमृत,10
तट,10
नष्ट,10
सीक्वल,10
कराई,10
गौर,10
वीर,10
अवधि,10
संकेत,10
सेक्टर,10
पहुंचाया,10
लाइफ,10
पहुँचाने,10
धनु,10
खुश,10
लिंग,10
जितनी,10
यहीं,10
पिछड़े,10
आंकड़ा,10
समृद्ध,10
इन्हीं,10
कहाँ,10
सदियों,10
एकदम,10
ऑडियो,10
कृपया,10
शब्दकोश,9
प्रीमैच्योर,9
कीमती,9
धूप,9
शान्त,9
मराठा,9
श्वेता,9
मास्टरमाइंड,9
इंश्योरेंस,9
श्रद्धा,9
सरला,9
प्रुडेंस,9
युगांडा,9
अल्बर्ट्स,9
शर्ट,9
राठौड़,9
निर्मित,9
गाँव,9
नियंत्रक,9
पीने,9
मैरीन,9
पिछली,9
मुद्रा,9
सहारा,9
लाइट,9
उधर,9
लॉस,9
इराक़ी,9
एकाउंट,9
अय्यर,9
शार्दुल,9
पीछा,9
मनीष,9
बुमराह,9
गिरफ्तारी,9
बाक़ी,9
पंकज,9
छूट,9
फैला,9
चेतना,9
मॉडल,9
ख़रीदने,9
जंगल,9
सामुदायिक,9
मराठी,9
औरतें,9
एसोसिएशन,9
प्रोफ़ेसर,9
भारद्वाज,9
चरित्र,9
प्रसाद,9
दोषियों,9
दुश्मन,9
निवेशक,9
सिरीज़,9
खेलने,9
शांत,9
इस्लाम,9
भक्ति,9
वी,9
सो,9
पार्टियों,9
नीतीश,9
जेडीयू,9
पूजन,9
विस्फोट,9
तैनात,9
सीखने,9
भरने,9
महंगे,9
शुद्धता,9
समक्ष,9
गलियों,9
केले,9
खरीदते,9
गर्भाशय,9
नुकसानदायक,9
जिंदा,9
औषधि,9
ट्रेलर,9
प्रतिष्ठित,9
आपराधिक,9
सीसीटीवी,9
ठिकाना,9
रेप,9
लिखे,9
मांगी,9
टैक्स,9
अख़बार,9
युवक,9
बिलकुल,9
लाभकारी,9
रसोई,9
जानकर,9
कुशल,9
व्यक्त,9
प्रतिनिधि,9
बैंगन,9
पत्ता,9
मिलाएं,9
ग्रस्त,9
हरी,9
अदरक,9
गति,9
रहकर,9
सम्मिलित,9
विशेषज्ञों,9
मून,9
भिन्न,9
गाड़ी,9
संपूर्ण,9
कच्चे,9
ग्वादर,9
आक्रामक,9
कंटेनर,9
तात्कालिक,9
व्यापारिक,9
नजदीक,9
किनारे,9
कर्नाटक,9
संस्कृतियों,9
सभ्यता,9
फर्क,9
अवकाशों,9
मंत्रिमंडल,9
ऐप,9
अधिसूचना,9
कर्मी,9
ताक़त,9
उत्पन्न,9
खतरनाक,9
संभाला,9
सलाहकार,9
हां,9
बाहरी,9
भरे,9
अपच,9
काटने,9
बनेगी,9
निकाला,9
चर्च,9
फ्रेंच,9
यूरोपीय,9
खाली,9
हिंसक,9
क्षेत्रीय,9
मानता,9
गुलाब,9
लाहौर,9
सिख,9
पंजाबी,9
सक्रिय,9
रूपये,9
जनजाति,9
बिल,9
सदन,9
वास्तविक,9
कैसी,9
प्रभावी,9
पल,9
इंसानों,9
ट्रेनिंग,9
पदार्थों,9
तथ्य,9
कठोर,9
ख़तरे,9
चलाया,9
स्टोर,9
बुकिंग,9
टेंट,9
लाइन,9
पश्चात,9
सत्य,9
चुटकी,9
साथियों,9
लीक,9
टक्कर,9
सुविधाओं,9
शुरु,9
बैंकिंग,9
एडिटर,9
शायरी,9
जुड़ने,9
अफेयर्स,9
कवर,9
क्योकि,9
रोचक,9
होंगी,9
सम्बन्ध,9
गले,9
बुद्धि,9
मैडम,9
कपड़ों,9
पाठ,9
वर्ल्ड,9
जरुरी,9
स्वागत,9
डिज़ाइन,9
भुगतान,9
साढ़े,9
रेडियो,9
ईमेल,9
हेयर,8
मिडिल,8
आभा-मण्डल,8
नारायणन,8
जानकी,8
ब्राजील,8
कुएं,8
सैंटा,8
मकबरा,8
सूख,8
जीवनसाथी,8
ऑफर,8
क्यूरेटिव,8
इकठ्ठा,8
आत्मा,8
इन्द्रियों,8
दार्शनिक,8
भगत,8
श्लोक,8
एलन,8
उपलब्धि,8
सिक्के,8
निवास,8
परीक्षा,8
जय,8
क्रांतिकारियों,8
कैदी,8
बड्स,8
बेचने,8
कृत्रिम,8
एहसास,8
बोलने,8
प्रिय,8
सैटेलाइट,8
निशाने,8
ख़ुफ़िया,8
फ़ोर्स,8
टुकड़ी,8
स्वभाव,8
वादा,8
ट्रैसी,8
सैन,8
एंजलिस,8
दुर्घटनाग्रस्त,8
तेज़ी,8
निम्नलिखित,8
तीसरा,8
बल्लेबाजी,8
फिंच,8
देखता,8
मना,8
एकादशी,8
त्यौहारों,8
साथी,8
लीडर,8
सत्याग्रह,8
ग़रीब,8
भूख,8
चलती,8
सहज,8
अत्याचार,8
बाग,8
नक़ाबपोश,8
ऑल,8
जेएनयूएसयू,8
योगेंद्र,8
वामपंथी,8
लापता,8
डीएसपी,8
मधुबनी,8
टाटा,8
बोल,8
बरामद,8
कंकाल,8
सुलझाने,8
अतीत,8
फ्लॉप,8
विष,8
आचार्य,8
पुस्तक,8
निकली,8
विष्णु,8
करण,8
राजन,8
चलना,8
अंतर्राष्ट्रीय,8
मुझसे,8
युवती,8
परहेज,8
कोच,8
रणवीर,8
गर्ल,8
सेट,8
आलिया,8
आना,8
मिलना,8
मां-बाप,8
दस्तावेज,8
गायब,8
तिवारी,8
पकड़ने,8
मुँह,8
पटेल,8
आश्चर्य,8
कॉर्नस्टार्च,8
कथित,8
कर्ज,8
श्रम,8
सर्जिकल,8
गरीबों,8
जितने,8
पैसों,8
दिलचस्पी,8
चुने,8
मानवता,8
वैदिक,8
कानून-व्यवस्था,8
योगी,8
कटा,8
लहसुन,8
बारिश,8
ला,8
निभाते,8
बताए,8
तापमान,8
अंदाजा,8
सत्र,8
लैंड,8
मौजूदगी,8
ध्रुव,8
कणों,8
सर्वेक्षण,8
कार्यरत,8
समाप्ति,8
चाकू,8
लव,8
हानि,8
आयरन,8
सागर,8
पहुँचने,8
प्रताड़ना,8
छुट्टी,8
शैक्षणिक,8
लेंगे,8
जातियों,8
दायरे,8
गणना,8
उत्तराखंड,8
तरीक़े,8
विराग,8
क़दम,8
आलोचना,8
पीठ,8
मिश्र,8
शिशु,8
बाधा,8
खाया,8
मस्तिष्क,8
कोलेस्ट्रॉल,8
पारंपरिक,8
खट्टा,8
इंदौर,8
धमकी,8
जिंदगी,8
सेंट,8
रिटायर्ड,8
चलकर,8
निर्दोष,8
सहारनपुर,8
अधिकता,8
प्रमाणित,8
शैम्पू,8
इत्यादि,8
हल्का,8
ठन्डे,8
मध्यम,8
दही,8
नमी,8
फ़ायदे,8
मारने,8
लगाते,8
उठाए,8
सुनाया,8
याचिकाओं,8
राज्यसभा,8
उठाया,8
विवादित,8
कब्जा,8
वार्ता,8
भेजे,8
डाला,8
समर्थक,8
अशांति,8
ट्रक,8
कामयाबी,8
घुसपैठियों,8
कार्यवाही,8
खासकर,8
पाएंगे,8
तरीकों,8
हस्ताक्षर,8
महाराजा,8
प्रांत,8
उजागर,8
सामूहिक,8
सामजिक,8
आंशिक,8
जीने,8
शैक्षिक,8
सम्बंध,8
धरातल,8
ढूंढ,8
जोखिम,8
विस्तृत,8
डालने,8
कान,8
होटल,8
कलश,8
वर्षो,8
डायरेक्ट,8
निभाई,8
दिखाना,8
तान्हाजी,8
मचा,8
ऑफिस,8
पड़ेगी,8
प्रोडक्शन,8
पुणे,8
टेक,8
घुमने,8
वेब,8
इंजीनियरिंग,8
दिलों,8
रुख,8
इसमे,8
रिश्ता,8
चूका,8
यूँ,8
भरपूर,8
प्रोफेशन,8
लिख,8
हुये,8
खुशी,8
पवन,8
श्रेय,8
अदा,8
योजनायें,8
टॉप,8
सावधानी,8
संतान,8
क्रीम,8
प्रशंसा,8
बताना,8
जरुरत,8
मोड़,8
फीस,8
छोड़ने,8
हल्के,8
टुकड़े,8
फ़ूड,8
भावों,8
चर्चित,8
साप्ताहिक,8
जानकारियाँ,8
डिलीवरी,7
उर्वशी,7
पीली,7
अजित,7
चोरों,7
दरबार,7
एक्सपो,7
चोरी,7
साधना,7
विद्यालय,7
राधाकृष्णन,7
टेलीविजन,7
सेंटा,7
कुंतक,7
जयापीड,7
टाइगर,7
आश्राम,7
मुनाफा,7
आय,7
बेरोजगारी,7
टीसी,7
मनु,7
आभा,7
ग्रन्थ,7
पुराण,7
कॉन्सटैन्टिन,7
फ्रैंकफ़र्ट,7
ग्राहकों,7
घोटाले,7
फ़र्ज़ीवाड़े,7
सोफ़िया,7
सहयता,7
इंफ्रास्ट्रक्चर,7
अरविंद,7
कॉलेजों,7
रसायन,7
रूबरू,7
खुलासे,7
कॉन्फ्रेंस,7
इरबिल,7
जानबूझकर,7
बैलिस्टिक,7
वाकई,7
इसराइली,7
देगी,7
ऑन,7
जानकार,7
चढ़,7
दोस्ती,7
करीबी,7
पलटन,7
सोचना,7
जन्मदिन,7
कथन,7
कोलेमैन,7
डेनवर,7
सिखाया,7
इंजीनियर,7
जॉनसन,7
डोनल्ड,7
एयरलाइंस,7
टिकट,7
फ्रांसिस्को,7
ख़तरा,7
हालत,7
केएल,7
संदाकन,7
वाशिंगटन,7
नकाबपोश,7
अकेला,7
पूर्णिमा,7
लौटने,7
हज़ारों,7
बीमार,7
आईं,7
पहलू,7
सिलसिले,7
अर्बन,7
पिटाई,7
पेरियार,7
दोपहर,7
मुलाक़ात,7
सच्चाई,7
ज़िम्मेदारी,7
जॉय,7
अस्थियां,7
भावी,7
गगनयान,7
उद्योग,7
लाना,7
इलाक़ा,7
आईटी,7
फ़र्ज़ी,7
निधन,7
धन्यवाद,7
जिनसे,7
भक्त,7
साक्ष्य,7
लड़ा,7
समुदायों,7
परम्परा,7
कलाकार,7
बायोपिक,7
समर्पित,7
करो,7
स्कूली,7
मीडियम,7
सस्ती,7
कारोबारी,7
शादीशुदा,7
मुरादाबाद,7
प्रदीप,7
फूल,7
डिश,7
श्वास,7
रोजाना,7
दिये,7
महिलायें,7
इन्होंने,7
फोटो,7
वरना,7
देखती,7
संजय,7
अनुष्का,7
पेशकश,7
बढ़ाते,7
विश्वविद्यालयों,7
गुणवत्ता,7
यूजीसी,7
परिचित,7
त्रासदी,7
सीईओ,7
कोचर,7
रोशनी,7
सुविधाएँ,7
हॉस्पिटल,7
सेक्शन,7
चाल,7
सख्त,7
लिखित,7
बिग,7
गेंदबाज,7
बैठने,7
अंदाज़ा,7
निकला,7
हावी,7
मैनेजर,7
मसले,7
डाइट,7
परिवर्तित,7
घोल,7
गाढ़ा,7
आइये,7
अनाज,7
नींद,7
उछाल,7
ऋण,7
गरीबी,7
खुले,7
कल्याणकारी,7
वसुधैव,7
ताकत,7
कोने,7
केन्द्रित,7
सगाई,7
कानपुर,7
एसएसपी,7
चीज़ें,7
सर्व,7
पाउडर,7
डाली,7
ढँक,7
पुदीना,7
जार,7
चना,7
जानलेवा,7
पहने,7
सुनहरे,7
वर्दी,7
कामों,7
निगरानी,7
ख्याल,7
गुजराती,7
कन्नड़,7
गारंटी,7
संक्षिप्त,7
नींव,7
चक्कर,7
मूल्य,7
वस्तु,7
गुरुत्वाकर्षण,7
अद्भुत,7
चेन्नई,7
त्याग,7
पड़ने,7
इंकार,7
बेल्ट,7
बिलियन,7
जोड़ने,7
जापान,7
करवाया,7
टर्मिनल,7
बिहारी,7
सुनहरा,7
थल,7
भ्रमण,7
बन्दरगाह,7
संशोधित,7
मनाये,7
काली,7
कैलेंडर,7
चलेगा,7
केन्द्रीय,7
जुटाने,7
चलाई,7
संदर्भ,7
सौंपा,7
कर्मियों,7
एकत्र,7
तैयारियां,7
दिलचस्प,7
मिल्लिया,7
स्त्री,7
तकलीफ,7
पतला,7
पेन,7
इन्फेक्शन,7
उपस्थित,7
वसा,7
शेष,7
बाज़ार,7
गुणों,7
मुर्गा,7
विजयवर्गीय,7
कैलाश,7
लिखते,7
लड़,7
भयंकर,7
मुफ्त,7
कमान,7
उठे,7
युग,7
अन्दर,7
जायेंगे,7
सूखे,7
थोड़े,7
रोकता,7
लागत,7
नोट,7
फ्लोर,7
स्क्रब,7
मसाज,7
लगाये,7
मृत,7
एशियाई,7
सब्जियों,7
पीड़ित,7
खुजली,7
कटे,7
कमेटी,7
पाबंदियों,7
आवास,7
अंडमान,7
शासित,7
अनुच्छेद,7
इसने,7
विमानों,7
दावे,7
हमलावर,7
दशकों,7
बढ़ाया,7
आखिरकार,7
प्रधान,7
परन्तु,7
अभाव,7
सीमाओं,7
कूटनीतिक,7
शक्तिशाली,7
फैली,7
उत्तर-पश्चिम,7
ऊंचाई,7
अंग,7
लटका,7
अनुसूचित,7
जिनमे,7
पारित,7
समय-समय,7
डेमोक्रेटिक,7
खुराना,7
तरीका,7
अंदाज़,7
चीज़ों,7
उपकरण,7
ख़ासकर,7
संवाद,7
साइन,7
देखभाल,7
अत्यधिक,7
घबराहट,7
पहना,7
सदमे,7
गवाह,7
परामर्श,7
यात्राएं,7
आस,7
पहुंचाना,7
निकालकर,7
संदेश,7
इच्छुक,7
न्यू,7
इन्टरनेट,7
आकर्षण,7
आगमन,7
उतरने,7
उत्सव,7
समुद्र,7
ज्योतिष,7
बारह,7
श्रेणी,7
मुलायम,7
मुखिया,7
अधिकतम,7
गाना,7
यूज़र्स,7
कंधे,7
जोशी,7
इकाई,7
मंदी,7
जीएसटी,7
आइडिया,7
पृष्ठभूमि,7
अनुभवों,7
हिम्मत,7
छोड़ा,7
टाइम,7
वैवाहिक,7
व्यस्त,7
मेष,7
खेत,7
उत्साह,7
सब्जी,7
सकेगी,7
बापू,7
पाती,7
माने,7
उतरे,7
ख़ुशी,7
पढ़ा,7
स्नेह,7
कर्तव्य,7
मुहावरा,7
भेजें,7
प्रोत्साहित,7
आरएसएस,7
पॉडकास्ट,7
ढंग,7
शर्तों,7
ज़रुरत,7
श्रोताओं,7
इस्कोन,6
टेरेज़ा,6
मैनिओक,6
अमेज़न,6
शाओमी,6
ताना,6
कृष्णदेवराय,6
टी-,6
लीजिए,6
महत्त्वपूर्ण,6
धारणा,6
स्पंदन,6
सजावट,6
कोंडाना,6
अध्यापक,6
डायर,6
एकाग्रता,6
ग्रंथों,6
दाभोलकर,6
नाटक,6
नौकरीपेशा,6
राशिफल,6
बढे,6
बुद्धिमानी,6
समर्थ,6
दया,6
कमिटी,6
राजनीती,6
ऊँचा,6
शीरा,6
मिलाना,6
आंवला,6
नाबालिग,6
हरिलाल,6
कौर,6
संगीत,6
गोवा,6
महा,6
मर,6
बनना,6
एथेंस,6
घोटाला,6
टिमोथी,6
ऑक्सफोर्ड,6
पैकेज,6
लैपटॉप,6
हल्की,6
अवतार,6
बचाओ,6
मौक़ा,6
ख़रीद,6
होल्डर,6
मेक,6
गुड,6
डेब्यू,6
प्रतिभा,6
ह्रदय,6
जेलर,6
सेलुलर,6
चीजे,6
नौजवानों,6
खरे,6
आईशी,6
पांड्या,6
मुगल,6
धमाका,6
भरोसे,6
पहाड़ों,6
आरोपों,6
कमा,6
अनुयायी,6
तुर्की,6
हरेंद्र,6
कोयला,6
घिरे,6
सबकी,6
तब्दील,6
बढ़ना,6
प्लेन,6
स्ट्रीट,6
संजीव,6
रखेंगे,6
खोल,6
एड्रेस,6
आईपी,6
पते,6
ग़ैरक़ानूनी,6
सैमसन,6
पांडेय,6
वनडे,6
जसप्रीत,6
हितों,6
दांव,6
मिसाल,6
डेटाबेस,6
वाम,6
जफ़र,6
रोज़,6
अफ़सरी,6
सिद्धांत,6
उत्पीड़न,6
अफ़वाह,6
दहला,6
चाहने,6
नक़्शे,6
ब्रितानी,6
मोहब्बत,6
वैध,6
धरने,6
सबकुछ,6
समूहों,6
घुसने,6
उतर,6
एनजीओ,6
सुर्खियों,6
कौन-कौन,6
वक़ील,6
बचाया,6
अनुसंधान,6
क़रीबी,6
पुलवामा,6
चूँकि,6
बाते,6
जन्मे,6
पुरूस्कार,6
आम-जन,6
तपस्या,6
शरण,6
पाक,6
नामुमकिन,6
मिलाए,6
पान,6
कन्नौज,6
सौंदर्य,6
तोड़फोड़,6
सीरियल,6
सीजन,6
कीर्ति,6
बच्चन,6
ख़ान,6
शून्य,6
जैसे-जैसे,6
स्नातक,6
सुविधाएं,6
भीषण,6
आत्महत्या,6
डैथ,6
वारेंट,6
बॉस,6
खेला,6
बॉल,6
ढाई,6
ग़लती,6
गाड़ियों,6
शुगर,6
चाहेगा,6
मीटिंग,6
गांवों,6
बुनियादी,6
पीएम,6
अमीर,6
पीढ़ी,6
यूके,6
बुजुर्गों,6
प्रतियोगिताएं,6
सोसाइटी,6
राष्ट्रों,6
महारानी,6
कामना,6
संपन्न,6
गाजर,6
सुगंध,6
सामग्रियाँ,6
ज़रा,6
समोसे,6
बालकनी,6
उबाल,6
नीम,6
आयुर्वेदिक,6
उतारने,6
औसत,6
समर्पण,6
शपथ,6
अति,6
पहलुओं,6
सेवाओं,6
स्थाई,6
अनुभवी,6
तमिल,6
सपोर्ट,6
इंच,6
रोकना,6
खूबसूरत,6
आकर्षक,6
चेयरमैन,6
वस्तुओं,6
स्पेस,6
दान,6
नमः,6
दांपत्य,6
राशियों,6
निकट,6
यमन,6
निवासियों,6
स्टील,6
बनवाया,6
ट्रस्ट,6
रेल,6
कोरिया,6
स्थिरता,6
मिश्रा,6
ज़माने,6
सम्भावना,6
भेजते,6
अमीरात,6
यूनियन,6
द्वार,6
छत,6
ओबीसी,6
अलीगढ़,6
मिक्स,6
जजों,6
लिब्राहन,6
सांस,6
बनावट,6
थकान,6
पॉवर,6
लाए,6
सेंट्रल,6
कॉपर,6
संतुलन,6
हड्डी,6
लो,6
नील,6
एसपी,6
पढ़े,6
द्वितीय,6
अवार्ड,6
बिंदु,6
वर्क,6
सम्मानित,6
अग्रसर,6
इकट्ठे,6
मुकदमा,6
जला,6
मूर्ति,6
नौजवान,6
जुड़ते,6
पहल,6
अत्याचारों,6
निजात,6
पैरों,6
चिकित्सा,6
लगेंगे,6
ब्रश,6
ग्रोथ,6
गंदगी,6
सेव,6
मिश्रण,6
स्टार्च,6
बचाता,6
गुनगुने,6
उपयुक्त,6
संरक्षण,6
भोज्य,6
नरम,6
दुर्गन्ध,6
मामूली,6
आर,6
लोकतांत्रिक,6
कहा-,6
विधेयक,6
हंगामा,6
निकोबार,6
गृहमंत्री,6
इंतज़ार,6
मानें,6
बढ़ाना,6
विधायिका,6
संबंधों,6
आतंकवादियों,6
विराम,6
व्यापक,6
प्रशासनिक,6
ऊँची,6
पहाड़ी,6
तिब्बत,6
मनोरंजन,6
इनमे,6
पब्लिक,6
बदलती,6
अन्याय,6
सरल,6
दिखा,6
मंगल,6
ट्रेंड,6
किसे,6
झा,6
संस्थानों,6
कोर्स,6
ख़तरनाक,6
लंबी,6
अस्थिर,6
केंद्रित,6
परिस्थिति,6
रिपोर्टर,6
मर्यादा,6
घुसपैठ,6
नरेन्द्र,6
करोड़ों,6
जयंती,6
लागु,6
टूरिज्म,6
घाट,6
प्राप्ति,6
ईश्वर,6
देवताओं,6
शास्त्र,6
गंगा,6
पंडित,6
श्रद्धालु,6
वैश्विक,6
यज्ञ,6
गैंग,6
आक्रोश,6
जताया,6
रंजन,6
पीड़िताओं,6
यादव,6
काजोल,6
पोस्टपेड,6
टूर्नामेंट,6
अंडर-,6
प्लेटफार्म,6
संचालन,6
कर्णिका,6
करंट,6
मोटिवेशनल,6
विभूति,6
संभाल,6
ढेरों,6
रुचि,6
उन्हे,6
डाले,6
टेक्निकल,6
गिना,6
ब्लॉगिंग,6
दौड़,6
मीन,6
उन्नति,6
तुला,6
मिथुन,6
रिश्तों,6
कमाने,6
आँखों,6
बखूबी,6
किलो,6
समझदारी,6
सच्ची,6
जानवरों,6
सम्पन्न,6
मेकर्स,6
सुनना,6
वृन्दावन,5
डेंडे,5
पोलो,5
साओ,5
वनस्पतियों,5
सिक्युरिटीज,5
सोने-चांदी,5
चमक,5
खरीददारी,5
इक्विटी,5
रीमेक,5
होरर,5
अलिया,5
ममकार,5
धृति,5
चंचलता,5
चिन्तन,5
भ्रान्तियां,5
छत्रपति,5
गणितज्ञों,5
इनफिनिटी,5
विक्की,5
सोसायटी,5
शेर,5
संत,5
गणितज्ञ,5
वाक्य,5
कुटुम्बकम्,5
कल्हण,5
मर्डर,5
पुनाळेकर,5
रॉय,5
चुनवा,5
इसलिये,5
उपासना,5
बेसन,5
उत्तम,5
बिजनेस,5
पेट्रोलियमम,5
हाजिर,5
अब्दुल्ला,5
विधायक,5
कुर्की,5
पशु,5
लुप्त,5
अनुपात,5
मास्टर,5
फीचर्स,5
पंजीकरण,5
एन,5
तिमाही,5
प्रैक्टिकल,5
बेरोजगार,5
सुप्रीमकोर्ट,5
दुष्कर्म,5
पिटिशन,5
वारदात,5
आशा,5
लीसेस्टर,5
पंडितों,5
व्यवसाय,5
मोदीजी,5
मूली,5
उबलने,5
हरार,5
जिंक,5
आयोडीन,5
भुखमरी,5
खान-पान,5
राष्ट्रवादी,5
सुशीला,5
छिपा,5
कथाओं,5
जर्मन,5
पासपोर्ट,5
प्रार्थना,5
एफ़सीए,5
प्रतिष्ठा,5
व्हाट्सऐप,5
मनी,5
वैसा,5
कमाए,5
एंड्रिया,5
हक़ीक़त,5
बुल्गारिया,5
मिसिंग,5
इग्नातोवा,5
हनुमान,5
चित्र,5
सुकन्या,5
गहनों,5
पारदर्शिता,5
पोर्टल,5
दामों,5
पालिसी,5
सब्सिडी,5
रेगुलेटरी,5
इलेक्ट्रॉनिक,5
जागृत,5
जवानी,5
अंक,5
पुर्तगाली,5
खूबसूरती,5
एंट्री,5
विपरीत,5
हिन्दुओं,5
बढाने,5
मालिश,5
असंभव,5
पुनर्निर्माण,5
घटित,5
पैकेट,5
कैल्शियम,5
जीभ,5
चिप्स,5
फ्राइज,5
व्यापारियों,5
आग्रह,5
जुट,5
समीकरण,5
दलित-मुस्लिम,5
आश्वस्त,5
जस्टिन,5
स्मार्ट,5
टोरंटो,5
जवाबी,5
प्रारंभिक,5
टारगेट,5
गिरीं,5
क़ीमत,5
चाहेंगे,5
कुवैत,5
बढ़ोत्तरी,5
तलमीज़,5
मानकों,5
डिवाइस,5
पानीपत,5
सल्फर,5
ड्रोन,5
यूं,5
हुसैन,5
महज़,5
लोकप्रिय,5
ताक़तवर,5
उठता,5
जीसस,5
दुख,5
निमंत्रण,5
अफवाह,5
ठहराया,5
हीरो,5
सोचते,5
निकलते,5
पहुंचते,5
टाइम्स,5
धड़े,5
वेंजेल,5
न्यूज,5
कमरा,5
समझी,5
लिहाजा,5
बर्ताव,5
सीट,5
चलन,5
सिरे,5
शैली,5
फाइल,5
कुकी,5
कॉपीराइट,5
बौद्धिक,5
पांडे,5
लौटे,5
छक्का,5
चौके,5
सैनी,5
नवदीप,5
ओवरों,5
सतर्क,5
वां,5
घुटने,5
चुप्पी,5
विश्वसनीय,5
अलर्ट,5
फ़ीस,5
जगदीश,5
पूछताछ,5
जयते,5
दारापुरी,5
मस्जिद,5
पकड़ा,5
माइक,5
स्टेज,5
हिना,5
रेलवे,5
इस्लामिया,5
चढ़ाई,5
दुकानों,5
राष्ट्रवाद,5
बेशक,5
टिप्पणी,5
स्टूडेंट,5
जावड़ेकर,5
परिसर,5
फुटेज,5
गली,5
लिखकर,5
शाखा,5
ग़वाहों,5
ग़वाह,5
उठने,5
साकेत,5
पायलटों,5
चयनित,5
बेंगलुरु,5
शर्त,5
भेजना,5
मधुर,5
गुवाहाटी,5
नेतन्याहू,5
लड़कों,5
विश्लेषण,5
इस्तीफ़ा,5
घेर,5
नक्शा,5
खेलते,5
एजाज,5
दस्तावेज़,5
निर्माता,5
एवरेज,5
श्रीकृष्ण,5
कमज़ोर,5
रचियता,5
सुन्दर,5
बताता,5
समाहित,5
ताल,5
भावनाओं,5
मीरा,5
दोहे,5
फ़ीसदी,5
साधा,5
टकराव,5
शिवसेना,5
त्यागी,5
अफ़ग़ानिस्तान,5
दुःख,5
आरती,5
पढ़ी,5
बैल,5
खासतौर,5
शुक्ल,5
सर्वोच्च,5
रोशन,5
गाथा,5
मुमकिन,5
शान,5
सस्ते,5
टैरिफ,5
मच,5
रिलायंस,5
अनावश्यक,5
गोलगप्पों,5
स्टॉक,5
दुनियाभर,5
फेंक,5
थाना,5
पराक्रम,5
झारखंड,5
एसआईटी,5
लंकेश,5
अनुरूप,5
जायें,5
डी,5
बीजों,5
डिप्टी,5
सेक्रेटरीज,5
भर्ती,5
दृढ़,5
सेनानी,5
माइक्रो,5
कब्ज़,5
जायका,5
खुलकर,5
ज़िक्र,5
विज्ञापन,5
टुडे,5
इरादा,5
नाक,5
पद्मावत,5
यूज़र,5
गीत,5
खतरों,5
धोनी,5
फ़ोर्ब्स,5
सिंदूर,5
वर्षीय,5
दीं,5
जब्त,5
इरादे,5
कमरों,5
दाखिल,5
स्टेशन,5
उत्सुकता,5
घनत्व,5
चपेट,5
डॉक्टरों,5
बनाएं,5
साइड,5
हृदय,5
मोटापा,5
डायबिटीज,5
सप्लाई,5
गेंहू,5
स्मूथ,5
हटाकर,5
दानों,5
बर्बाद,5
जाल,5
पेपर,5
इशारा,5
कटौती,5
माल,5
गुलजार,5
कानूनी,5
मुद्रास्फीति,5
हवाला,5
जुड़ाव,5
सावधान,5
इंडेक्स,5
बैंगलोर,5
गैर,5
इमारतों,5
ध्वज,5
नृत्य,5
अपने-अपने,5
प्रशांत,5
रॉयल,5
गुलाम,5
सदस्यता,5
पीड़ा,5
हट,5
शत्रु,5
कभी-कभी,5
निपटने,5
ख़र्च,5
स्वादानुसार,5
उपरोक्त,5
जाएँ,5
ब्लेंड,5
ग्राइंडर,5
हींग,5
ब्लेंडर,5
जीरा,5
चटनियाँ,5
कड़वा,5
स्वच्छ,5
मच्छर,5
तमिलनाडु,5
रिटायर,5
कलर,5
आभास,5
झंडे,5
टीमों,5
रैंक,5
एकजुट,5
मार्गदर्शन,5
नरेश,5
संसाधनों,5
दिन-प्रतिदिन,5
परिवहन,5
तेलुगू,5
यूजर्स,5
कैमरे,5
प्राइमरी,5
सिम,5
खरीदना,5
सिंगल,5
चलेगी,5
खरीदें,5
जीना,5
एजेंसियों,5
जीएसएलवी,5
छिपे,5
क्षति,5
घूम,5
मशीन,5
टूट,5
नासा,5
देव,5
कंघी,5
स्पर्श,5
मंत्रों,5
चावल,5
प्रॉपर्टी,5
भाई-बहनों,5
समझे,5
बनायी,5
ट्रिलियन,5
सडक,5
प्रस्तावित,5
जापानी,5
नाते,5
भागीदारी,5
जुड़ता,5
साउथ,5
समग्र,5
कनेक्टिविटी,5
उद्घाटन,5
जोड़ना,5
वहीँ,5
अनुबंध,5
अल,5
राज्यपाल,5
मनाई,5
ईसाई,5
विशेषता,5
प्रतिबंधित,5
धर्मों,5
कागज,5
एप,5
आयोग,5
अथॉरिटी,5
चरणों,5
टूटने,5
दफ़्तर,5
दफ्तरों,5
स्टेटस,5
खातों,5
एप्लीकेशन,5
पूछने,5
पूछेंगे,5
बेंगलुरू,5
जोड़ते,5
स्थानांतरित,5
अनुरोध,5
याचिकाएं,5
कवरेज,5
तत्काल,5
अधीन,5
सोचने,5
सदनों,5
तरीक़ा,5
मनमोहन,5
दरवाज़ा,5
घटनाएं,5
अध्यक्षता,5
माइक्रोग्राम,5
उनमे,5
बेक,5
चर्बी,5
फायबर,5
पोटेशियम,5
कच्चा,5
पिंक,5
लम्बा,5
प्रजाति,5
बुश,5
बदरी,5
आयुक्त,5
बनाएंगे,5
ठंड,5
निभाने,5
सुहाग,5
गोरखा,5
पहचाना,5
एल,5
पिताजी,5
बारें,5
वायुसेना,5
संभालने,5
कार्यालय,5
व्हाट्सएप,5
उल्लेख,5
उद्देश्यों,5
खोला,5
औपचारिक,5
वर्चस्व,5
विनय,5
उर्फ,5
दिला,5
दांत,5
विनेगर,5
पहुंचाता,5
अवशोषित,5
सम्बन्धी,5
हल्दी,5
मिश्रित,5
हलके,5
सुखा,5
रक्तचाप,5
अन्यथा,5
हटाए,5
फाड़,5
सिफ़ारिश,5
भरकर,5
निंदा,5
बोझ,5
घुस,5
घातक,5
बलों,5
चिंताओं,5
गिराया,5
गहन,5
एक-दूसरे,5
परिणामस्वरूप,5
अमृतसर,5
पाँच,5
ईसा,5
उर्दू,5
जलवायु,5
गतिविधि,5
ग्रेट,5
ऊपरी,5
फीट,5
जंगलों,5
विभाजित,5
कब्जे,5
रेस्टोरेंट,5
भेदभाव,5
ड्राफ्ट,5
हनन,5
समानता,5
हैं-,5
संवाददाताओं,5
इंग्लिश,5
रियलिटी,5
परस्पर,5
क्षमा,5
प्रतीक्षा,5
कृप्या,5
पेशेवर,5
निष्पक्ष,5
रिपोर्टिंग,5
विरुद्ध,5
गहरी,5
असाधारण,5
ढांचा,5
जुटे,5
जीतने,5
एप्पल,5
खुल,5
टेबल,5
उठाना,5
पहन,5
सर्वप्रथम,5
प्राथमिक,5
श्रेष्ठ,5
असत्य,5
स्थितियों,5
ग्रहों,5
विद्वान,5
प्रथा,5
दिसम्बर,5
विधान,5
महाकुंभ,5
पार्टनर,5
प्रभु,5
राधे,5
ढेर,5
साजिद,5
टाइटल,5
जलाकर,5
संवेदनशील,5
देखेंगे,5
एक्ट्रेस,5
हॉल,5
रिव्यू,5
तमिलरॉकर्स,5
वॉर,5
जीबी,5
इजाफा,5
खेले,5
कारों,5
दिखे,5
झेल,5
पाठक,5
डालता,5
ट्यूब,5
एतिहासिक,5
उन्होने,5
पाये,5
अपनों,5
इंजीन्यरिंग,5
फाइनेंस,5
देन,5
बढ़ेगा,5
मकर,5
रुके,5
पीला,5
वृश्चिक,5
कर्क,5
वृषभ,5
सुझाव,5
घर-घर,5
लाकर,5
तर्क,5
मोटी,5
उपस्थिति,5
समझता,5
कपडे,5
नकार,5
जानवर,5
एनीमिया,5
मजदूर,5
समझाया,5
विंडो,5
करवाते,5
नतीजों,5
कनेक्शन,5
रिकॉर्डिंग,5
,213189
